<games>
	<game>
		<type>DEFAULT</type>
		<flags/>
		<color_flags/>
		<name/>
		<default_port/>
		<default_master_port/>
		<id/>
		<qstat_str/>
		<qstat_option/>
		<qstat_master_option/>
		<icon/>
		<parse_player/>
		<parse_server>quake_parse_server</parse_server>
		<analyze_serverinfo/>
		<config_is_valid>config_is_valid_generic</config_is_valid>
		<write_config/>
		<exec_client>exec_generic</exec_client>
		<custom_cfgs/>
		<save_info>save_server_info</save_info>
		<init_maps/>
		<has_map/>
		<get_mapshot/>
		<arch_identifier/>
		<identify_cpu/>
		<identify_os/>
		<command/>
		<cmd_or_dir_changed/>
		<prefs_load/>
		<update_prefs/>
		<default_home/>
		<main_mod/>
		<private_suffix/>
		<pd/>
	</game>
	<game>
		<type>LAN_SERVER</type>
		<id>LAN</id>
		<name>LAN</name>
		<icon>lan.xpm</icon>
	</game>
	<game>
		<base>Q2_SERVER</base>
		<type>AQ2_SERVER</type>
		<name>Action Quake 2</name>
		<id>AQ2S</id>
		<icon>aq2.xpm</icon>
		<command>q2pro-linux-x86_64</command>
		<default_home>~/.q2online</default_home>
		<main_mod>action</main_mod>
	</game>
	<game>
		<base>Q3_SERVER</base>
		<type>ALIENARENA_SERVER</type>
		<name>Alien Arena</name>
		<id>ALIENARENAS</id>
		<qstat_str>ALIENARENAS</qstat_str>
		<qstat_option>-alienarenas</qstat_option>
		<qstat_master_option>-alienarenam</qstat_master_option>
		<icon>alienarena.xpm</icon>
		<config_is_valid>config_is_valid_generic</config_is_valid>
		<command>alienarena</command>
		<default_home>~/.codered/</default_home>
		<prefs_load>q2_prefs_load</prefs_load>
		<update_prefs>q3_update_prefs</update_prefs>
		<main_mod>arena</main_mod>
	</game>
	<game>
		<base>UN_SERVER</base>
		<type>AAO_SERVER</type>
		<name>America's Army</name>
		<flags>GAME_CONNECT | GAME_SPECTATE | GAME_PASSWORD | GAME_LAUNCH_HOSTPORT</flags>
		<default_port>1716</default_port>
		<id>AMS</id>
		<qstat_str>AMS</qstat_str>
		<qstat_option>-ams</qstat_option>
		<icon>aao.xpm</icon>
		<command>armyops</command>
		<private_suffix>.aao</private_suffix>
	</game>
	<game>
		<type>BF1942_SERVER</type>
		<name>Battlefield 1942</name>
		<flags>GAME_CONNECT</flags>
		<default_port>14567</default_port>
		<id>BF1942</id>
		<qstat_str>EYE</qstat_str>
		<qstat_option>-eye</qstat_option>
		<icon>bf1942.xpm</icon>
		<parse_player>un_parse_player</parse_player>
		<analyze_serverinfo>bf1942_analyze_serverinfo</analyze_serverinfo>
		<exec_client>bf1942_exec</exec_client>
	</game>
	<game>
		<base>Q3_SERVER</base>
		<type>COD_SERVER</type>
		<name>Call of Duty</name>
		<default_port>28960</default_port>
		<default_master_port>20510</default_master_port>
		<id>CODS</id>
		<qstat_str>CODS</qstat_str>
		<qstat_option>-cods</qstat_option>
		<qstat_master_option>-codm</qstat_master_option>
		<icon>cod.xpm</icon>
		<config_is_valid>config_is_valid_generic</config_is_valid>
		<arch_identifier>NULL</arch_identifier>
		<command>codmp</command>
		<prefs_load>q3_prefs_load_common</prefs_load>
		<update_prefs>q3_update_prefs_common</update_prefs>
		<main_mod>main</main_mod>
	</game>
	<game>
		<base>Q3_SERVER</base>
		<type>CODUO_SERVER</type>
		<name>Call of Duty United Offensive</name>
		<default_port>28960</default_port>
		<default_master_port>20610</default_master_port>
		<id>CODUOS</id>
		<qstat_str>CODS</qstat_str>
		<qstat_option>-cods</qstat_option>
		<qstat_master_option>-codm</qstat_master_option>
		<icon>coduo.xpm</icon>
		<config_is_valid>config_is_valid_generic</config_is_valid>
		<arch_identifier>NULL</arch_identifier>
		<command>coduomp</command>
		<prefs_load>q3_prefs_load_common</prefs_load>
		<update_prefs>q3_update_prefs_common</update_prefs>
		<main_mod>uo</main_mod>
	</game>
	<game>
		<base>Q3_SERVER</base>
		<type>COD2_SERVER</type>
		<name>Call of Duty 2</name>
		<default_port>28960</default_port>
		<default_master_port>20710</default_master_port>
		<id>COD2S</id>
		<qstat_str>COD2S</qstat_str>
		<qstat_option>-cod2s</qstat_option>
		<qstat_master_option>-cod2m</qstat_master_option>
		<icon>cod2.xpm</icon>
		<config_is_valid>config_is_valid_generic</config_is_valid>
		<arch_identifier>NULL</arch_identifier>
		<command>cod2mp</command>
		<prefs_load>q3_prefs_load_common</prefs_load>
		<update_prefs>q3_update_prefs_common</update_prefs>
		<main_mod>main</main_mod>
	</game>
	<game>
		<base>Q3_SERVER</base>
		<type>COD4_SERVER</type>
		<name>Call of Duty 4</name>
		<default_port>28960</default_port>
		<default_master_port>20810</default_master_port>
		<id>COD4S</id>
		<qstat_str>COD4S</qstat_str>
		<qstat_option>-cod4s</qstat_option>
		<qstat_master_option>-cod4m</qstat_master_option>
		<icon>cod4.xpm</icon>
		<config_is_valid>config_is_valid_generic</config_is_valid>
		<arch_identifier>NULL</arch_identifier>
		<command>cod4mp</command>
		<prefs_load>q3_prefs_load_common</prefs_load>
		<update_prefs>q3_update_prefs_common</update_prefs>
		<main_mod>main</main_mod>
	</game>
	<game>
		<base>Q3_SERVER</base>
		<type>CODWAW_SERVER</type>
		<name>Call of Duty: World at War</name>
		<default_port>28960</default_port>
		<id>CODWAWS</id>
		<qstat_str>WAWS</qstat_str>
		<qstat_option>-waws</qstat_option>
		<icon>codwaw.xpm</icon>
		<config_is_valid>config_is_valid_generic</config_is_valid>
		<arch_identifier>NULL</arch_identifier>
		<prefs_load>q3_prefs_load_common</prefs_load>
		<update_prefs>q3_update_prefs_common</update_prefs>
	</game>
	<game>
		<base>Q2_SERVER</base>
		<type>DDAY_SERVER</type>
		<name>D-Day: Normandy</name>
		<id>DDAYS</id>
		<icon>dday.xpm</icon>
		<command>DDaynormandy</command>
		<main_mod>dday</main_mod>
	</game>
	<game>
		<type>DESCENT3_SERVER</type>
		<name>Descent3</name>
		<flags>GAME_CONNECT</flags>
		<default_port>20142</default_port>
		<id>D3G</id>
		<qstat_str>D3G</qstat_str>
		<qstat_option>-d3g</qstat_option>
		<!--
		<default_master_port>3445</default_master_port>
		<qstat_master_option>-d3m</qstat_master_option>
		-->
		<icon>descent3.xpm</icon>
		<parse_player>descent3_parse_player</parse_player>
		<analyze_serverinfo>descent3_analyze_serverinfo</analyze_serverinfo>
		<exec_client>descent3_exec</exec_client>
		<command>descent3</command>
	</game>
	<game>
		<base>Q3_SERVER</base>
		<type>DOOM3_SERVER</type>
		<name>Doom 3</name>
		<color_flags>COLOR_DOOM3 | COLOR_QUAKE3_NUMERIC | COLOR_QUAKE3_ALPHA</color_flags>
		<default_port>27666</default_port>
		<default_master_port>27650</default_master_port>
		<id>DM3S</id>
		<qstat_str>DM3S</qstat_str>
		<qstat_option>-dm3s</qstat_option>
		<qstat_master_option>-dm3m</qstat_master_option>
		<icon>doom3.xpm</icon>
		<analyze_serverinfo>doom3_analyze_serverinfo</analyze_serverinfo>
		<config_is_valid>config_is_valid_generic</config_is_valid>
		<init_maps>doom3_init_maps</init_maps>
		<has_map>doom3_has_map</has_map>
		<get_mapshot>doom3_get_mapshot</get_mapshot>
		<arch_identifier>si_version</arch_identifier>
		<command>doom3</command>
		<cmd_or_dir_changed>doom3_cmd_or_dir_changed</cmd_or_dir_changed>
		<prefs_load>q3_prefs_load_common</prefs_load>
		<update_prefs>doom3_update_prefs</update_prefs>
		<default_home>~/.doom3</default_home>
		<main_mod>base</main_mod>
		<attributes>+net_clientRemoteConsolePassword</attributes>
		<attributes>+rconpassword</attributes>
	</game>
	<game>
		<base>Q3_SERVER</base>
		<type>ETL_SERVER</type>
		<name>Enemy Territory: Legacy</name>
		<id>ETLS</id>
		<qstat_str>WOETS</qstat_str>
		<qstat_option>-woets</qstat_option>
		<qstat_master_option>-woetm</qstat_master_option>
		<icon>etl.xpm</icon>
		<config_is_valid>config_is_valid_generic</config_is_valid>
		<command>etl</command>
		<default_home>~/.etlegacy</default_home>
		<prefs_load>q3_prefs_load_common</prefs_load>
		<update_prefs>q3_update_prefs_common</update_prefs>
		<main_mod>etmain</main_mod>
	</game>
	<game>
		<base>Q3_SERVER</base>
		<type>ETQW_SERVER</type>
		<name>Enemy Territory: Quake Wars</name>
		<default_port>27733</default_port>
		<id>ETQWS</id>
		<qstat_str>ETQWS</qstat_str>
		<qstat_option>-etqws</qstat_option>
		<icon>etqw.xpm</icon>
		<analyze_serverinfo>doom3_analyze_serverinfo</analyze_serverinfo>
		<config_is_valid>config_is_valid_generic</config_is_valid>
		<init_maps>etqw_init_maps</init_maps>
		<has_map>quake4_has_map</has_map>
		<get_mapshot>quake4_get_mapshot</get_mapshot>
		<arch_identifier>si_version</arch_identifier>
		<command>etqw</command>
		<cmd_or_dir_changed>doom3_cmd_or_dir_changed</cmd_or_dir_changed>
		<prefs_load>q3_prefs_load_common</prefs_load>
		<update_prefs>quake4_update_prefs</update_prefs>
		<default_home>~/.etqwcl</default_home>
		<main_mod>base</main_mod>
		<attributes>+net_clientRemoteConsolePassword</attributes>
		<attributes>+rconpassword</attributes>
	</game>
	<game>
		<type>HL_SERVER_OLD</type>
		<name>Half-Life (old)</name>
		<flags>GAME_CONNECT | GAME_PASSWORD | GAME_RCON | GAME_MASTER_STEAM</flags>
		<default_port>27015</default_port>
		<default_master_port>27010</default_master_port>
		<id>HLS</id>
		<qstat_str>HLS</qstat_str>
		<qstat_option>-hls</qstat_option>
		<qstat_master_option>-hlm</qstat_master_option>
		<icon>hl.xpm</icon>
		<parse_player>hl_parse_player</parse_player>
		<analyze_serverinfo>hl_analyze_serverinfo</analyze_serverinfo>
		<exec_client>hl_exec</exec_client>
		<init_maps>quake_init_maps</init_maps>
		<has_map>quake_has_map</has_map>
		<arch_identifier>sv_os</arch_identifier>
		<identify_os>identify_os</identify_os>
	</game>
	<game>
		<type>HL_SERVER</type>
		<name>Half-Life</name>
		<flags>GAME_CONNECT | GAME_PASSWORD | GAME_RCON | GAME_MASTER_STEAM</flags>
		<default_port>27015</default_port>
		<default_master_port>27010</default_master_port>
		<id>HLA2S</id>
		<qstat_str>HLA2S</qstat_str>
		<qstat_option>-hla2s</qstat_option>
		<qstat_master_option>-hla2sm</qstat_master_option>
		<icon>hla2.xpm</icon>
		<parse_player>hl_parse_player</parse_player>
		<analyze_serverinfo>hl_analyze_serverinfo</analyze_serverinfo>
		<exec_client>hl_exec</exec_client>
		<init_maps>quake_init_maps</init_maps>
		<has_map>quake_has_map</has_map>
		<arch_identifier>sv_os</arch_identifier>
		<identify_os>identify_os</identify_os>
	</game>
	<game>
		<type>HL2_SERVER</type>
		<name>Half-Life 2</name>
		<flags>GAME_CONNECT | GAME_PASSWORD | GAME_MASTER_STEAM</flags>
		<default_port>27015</default_port>
		<default_master_port>27011</default_master_port>
		<id>A2S</id>
		<qstat_str>A2S</qstat_str>
		<qstat_option>-a2s</qstat_option>
		<qstat_master_option>-stma2s</qstat_master_option>
		<icon>hl2.xpm</icon>
		<parse_player>hl_parse_player</parse_player>
		<analyze_serverinfo>hl_analyze_serverinfo</analyze_serverinfo>
		<exec_client>hl_exec</exec_client>
		<arch_identifier>sv_os</arch_identifier>
		<identify_os>identify_os</identify_os>
	</game>
	<game>
		<type>HR_SERVER</type>
		<name>Heretic2</name>
		<flags>GAME_CONNECT | GAME_RCON</flags>
		<default_port>28910</default_port>
		<id>Q2S:HR</id>
		<qstat_str>Q2S</qstat_str>
		<qstat_option>-q2s</qstat_option>
		<icon>hr2.xpm</icon>
		<parse_player>q2_parse_player</parse_player>
		<analyze_serverinfo>q2_analyze_serverinfo</analyze_serverinfo>
		<exec_client>q2_exec_generic</exec_client>
	</game>
	<game>
		<type>H2_SERVER</type>
		<flags>GAME_CONNECT | GAME_QUAKE1_PLAYER_COLORS</flags>
		<name>Hexen2</name>
		<default_port>26900</default_port>
		<id>H2S</id>
		<qstat_str>H2S</qstat_str>
		<qstat_option>-h2s</qstat_option>
		<icon>hex.xpm</icon>
		<parse_player>poqs_parse_player</parse_player>
		<exec_client>q1_exec_generic</exec_client>
	</game>
	<game>
		<type>HW_SERVER</type>
		<flags>GAME_CONNECT | GAME_QUAKE1_PLAYER_COLORS | GAME_RCON</flags>
		<name>HexenWorld</name>
		<default_port>26950</default_port>
		<default_master_port>26900</default_master_port>
		<id>HWS</id>
		<qstat_str>HWS</qstat_str>
		<qstat_option>-hws</qstat_option>
		<qstat_master_option>-hwm</qstat_master_option>
		<icon>hw.xpm</icon>
		<parse_player>qw_parse_player</parse_player>
		<analyze_serverinfo>qw_analyze_serverinfo</analyze_serverinfo>
		<exec_client>q1_exec_generic</exec_client>
	</game>
	<game>
		<base>Q3_SERVER</base>
		<type>JK2_SERVER</type>
		<flags>GAME_CONNECT | GAME_PASSWORD | GAME_RCON | GAME_MASTER_QUAKE3</flags>
		<color_flags>COLOR_QUAKE3_NUMERIC</color_flags>
		<name>Jedi Outcast</name>
		<default_port>28070</default_port>
		<default_master_port>28060</default_master_port>
		<id>JK2S</id>
		<qstat_str>JK2S</qstat_str>
		<qstat_option>-jk2s</qstat_option>
		<qstat_master_option>-jk2m</qstat_master_option>
		<icon>jk2.xpm</icon>
		<command>jk2mp</command>
		<command>jk2mvmp</command>
		<prefs_load>q3_prefs_load_common</prefs_load>
		<update_prefs>q3_update_prefs_common</update_prefs>
		<main_mod>base</main_mod>
	</game>
	<game>
		<base>Q3_SERVER</base>
		<type>JK3_SERVER</type>
		<flags>GAME_CONNECT | GAME_PASSWORD | GAME_RCON | GAME_MASTER_QUAKE3</flags>
		<color_flags>COLOR_QUAKE3_NUMERIC</color_flags>
		<name>Jedi Academy</name>
		<default_port>29070</default_port>
		<default_master_port>29060</default_master_port>
		<id>JK3S</id>
		<qstat_str>JK3S</qstat_str>
		<qstat_option>-jk3s</qstat_option>
		<qstat_master_option>-jk3m</qstat_master_option>
		<icon>jk3.xpm</icon>
		<command>jamp</command>
		<command>openjk</command>
		<command>openjk.i386</command>
		<command>openjk.x86_64</command>
		<prefs_load>q3_prefs_load_common</prefs_load>
		<update_prefs>q3_update_prefs_common</update_prefs>
		<main_mod>base</main_mod>
	</game>
	<game>
		<type>KP_SERVER</type>
		<name>Kingpin</name>
		<flags>GAME_CONNECT | GAME_RCON</flags>
		<default_port>31510</default_port>
		<id>Q2S:KP</id>
		<qstat_str>Q2S</qstat_str>
		<qstat_option>-q2s</qstat_option>
		<icon>kp.xpm</icon>
		<parse_player>q2_parse_player</parse_player>
		<analyze_serverinfo>q2_analyze_serverinfo</analyze_serverinfo>
		<exec_client>q2_exec_generic</exec_client>
		<arch_identifier>version</arch_identifier>
		<identify_cpu>identify_cpu</identify_cpu>
		<identify_os>identify_os</identify_os>
	</game>
	<game>
		<base>Q3_SERVER</base>
		<type>MOHAA_SERVER</type>
		<name>Medal of Honor: Allied Assault</name>
		<default_port>12204</default_port>
		<id>MHS</id>
		<qstat_str>MHS</qstat_str>
		<qstat_option>-mhs</qstat_option>
		<icon>mohaa.xpm</icon>
		<config_is_valid>config_is_valid_generic</config_is_valid>
		<command>mohaa</command>
		<default_home>~/.mohaa</default_home>
		<main_mod>main</main_mod>
	</game>
	<game>
		<type>NETP_SERVER</type>
		<base>GPS_SERVER</base>
		<name>NetPanzer</name>
		<default_port>3030</default_port>
		<default_master_port>28900</default_master_port>
		<id>NETP</id>
		<qstat_option>-netp</qstat_option>
		<qstat_master_option>-netpm,netpanzer</qstat_master_option>
		<icon>netp.xpm</icon>
		<config_is_valid>config_is_valid_generic</config_is_valid>
		<arch_identifier>NULL</arch_identifier>
		<command>netpanzer</command>
		<exec_client>netpanzer_exec</exec_client>
	</game>
	<game>
		<base>Q3_SERVER</base>
		<type>NEXUIZ_SERVER</type>
		<name>Nexuiz</name>
		<default_port>26000</default_port>
		<id>NEXUIZS</id>
		<qstat_str>NEXUIZS</qstat_str>
		<qstat_option>-nexuizs</qstat_option>
		<qstat_master_option>-nexuizm</qstat_master_option>
		<icon>nexuiz.xpm</icon>
		<config_is_valid>config_is_valid_generic</config_is_valid>
		<init_maps>xonotic_init_maps</init_maps>
		<command>nexuiz</command>
		<default_home>~/.nexuiz</default_home>
		<prefs_load>q3_prefs_load_common</prefs_load>
		<update_prefs>q3_update_prefs_common</update_prefs>
		<main_mod>data</main_mod>
	</game>
	<game>
		<base>Q3_SERVER</base>
		<type>OPENARENA_SERVER</type>
		<flags>GAME_CONNECT | GAME_PASSWORD | GAME_RCON | GAME_MASTER_QUAKE3</flags>
		<color_flags>COLOR_QUAKE3_NUMERIC | COLOR_QUAKE3_ALPHA</color_flags>
		<name>OpenArena</name>
		<id>OPENARENAS</id>
		<qstat_str>OPENARENAS</qstat_str>
		<qstat_option>-openarenas</qstat_option>
		<qstat_master_option>-openarenam</qstat_master_option>
		<icon>openarena.xpm</icon>
		<config_is_valid>config_is_valid_generic</config_is_valid>
		<command>openarena</command>
		<default_home>~/.openarena</default_home>
		<prefs_load>q3_prefs_load_common</prefs_load>
		<update_prefs>q3_update_prefs</update_prefs>
		<main_mod>baseq3</main_mod>
	</game>
	<game>
		<type>OTTD_SERVER</type>
		<flags>GAME_CONNECT</flags>
		<name>OpenTTD</name>
		<default_port>3979</default_port>
		<default_master_port>3978</default_master_port>
		<id>OTTDS</id>
		<qstat_str>OTTDS</qstat_str>
		<qstat_option>-ottds</qstat_option>
		<qstat_master_option>-ottdm</qstat_master_option>
		<icon>openttd.xpm</icon>
		<parse_player>ottd_parse_player</parse_player>
		<analyze_serverinfo>ottd_analyze_serverinfo</analyze_serverinfo>
		<config_is_valid>config_is_valid_generic</config_is_valid>
		<exec_client>ottd_exec</exec_client>
		<custom_cfgs>quake_custom_cfgs</custom_cfgs>
		<command>openttd</command>
		<default_home>~/.openttd</default_home>
	</game>
	<game>
		<base>UN_SERVER</base>
		<type>POSTAL2_SERVER</type>
		<name>Postal 2</name>
		<id>POSTAL2</id>
		<icon>postal2.xpm</icon>
		<command>postal2mpdemo</command>
		<command>postal2mp</command>
		<private_suffix>.fuk</private_suffix>
	</game>
	<game>
		<base>Q3_SERVER</base>
		<type>Q3RALLY_SERVER</type>
		<flags>GAME_CONNECT | GAME_PASSWORD | GAME_RCON | GAME_MASTER_QUAKE3</flags>
		<color_flags>COLOR_QUAKE3_NUMERIC | COLOR_QUAKE3_ALPHA</color_flags>
		<name>Q3 Rally</name>
		<id>Q3RALLYS</id>
		<qstat_str>Q3RALLYS</qstat_str>
		<qstat_option>-q3rallys</qstat_option>
		<qstat_master_option>-q3rallym</qstat_master_option>
		<icon>q3rally.xpm</icon>
		<config_is_valid>config_is_valid_generic</config_is_valid>
		<command>q3rally</command>
		<default_home>~/.q3rally</default_home>
		<prefs_load>q3_prefs_load_common</prefs_load>
		<update_prefs>q3_update_prefs</update_prefs>
		<main_mod>baseq3</main_mod>
	</game>
	<game>
		<type>Q1_SERVER</type>
		<flags>GAME_CONNECT | GAME_RECORD | GAME_QUAKE1_PLAYER_COLORS | GAME_QUAKE1_SKIN</flags>
		<name>Quake</name>
		<default_port>26000</default_port>
		<id>QS</id>
		<qstat_str>QS</qstat_str>
		<qstat_option>-qs</qstat_option>
		<icon>q1.xpm</icon>
		<parse_player>poqs_parse_player</parse_player>
		<config_is_valid>quake_config_is_valid</config_is_valid>
		<write_config>write_q1_vars</write_config>
		<exec_client>q1_exec_generic</exec_client>
		<custom_cfgs>quake_custom_cfgs</custom_cfgs>
		<init_maps>quake_init_maps</init_maps>
		<has_map>quake_has_map</has_map>
		<command>nq-x11</command>
		<command>nq-sdl</command>
		<command>nq-glx</command>
		<command>nq-sgl</command>
		<command>twilight-nq</command>
		<cmd_or_dir_changed>q1_cmd_or_dir_changed</cmd_or_dir_changed>
		<prefs_load>q1_prefs_load</prefs_load>
		<update_prefs>q1_update_prefs</update_prefs>
		<main_mod>id1</main_mod>
	</game>
	<game>
		<type>QW_SERVER</type>
		<flags>GAME_CONNECT | GAME_RECORD | GAME_SPECTATE | GAME_RCON | GAME_QUAKE1_PLAYER_COLORS | GAME_QUAKE1_SKIN</flags>
		<name>QuakeWorld</name>
		<default_port>27500</default_port>
		<default_master_port>27000</default_master_port>
		<id>QWS</id>
		<qstat_str>QWS</qstat_str>
		<qstat_option>-qws</qstat_option>
		<qstat_master_option>-qwm</qstat_master_option>
		<icon>q.xpm</icon>
		<parse_player>qw_parse_player</parse_player>
		<analyze_serverinfo>qw_analyze_serverinfo</analyze_serverinfo>
		<config_is_valid>quake_config_is_valid</config_is_valid>
		<write_config>write_qw_vars</write_config>
		<exec_client>qw_exec</exec_client>
		<custom_cfgs>quake_custom_cfgs</custom_cfgs>
		<init_maps>quake_init_maps</init_maps>
		<has_map>quake_has_map</has_map>
		<command>qw-client-x11</command>
		<command>qw-client-sdl</command>
		<command>qw-client-glx</command>
		<command>qw-client-sgl</command>
		<command>twilight-qw</command>
		<cmd_or_dir_changed>qw_cmd_or_dir_changed</cmd_or_dir_changed>
		<prefs_load>qw_prefs_load</prefs_load>
		<update_prefs>qw_update_prefs</update_prefs>
		<main_mod>qw</main_mod>
		<main_mod>id1</main_mod>
	</game>
	<game>
		<type>Q2_SERVER</type>
		<flags>GAME_CONNECT | GAME_RECORD | GAME_SPECTATE | GAME_PASSWORD | GAME_RCON</flags>
		<color_flags>COLOR_QUAKE3_NUMERIC</color_flags>
		<name>Quake2</name>
		<default_port>27910</default_port>
		<default_master_port>27900</default_master_port>
		<id>Q2S</id>
		<qstat_str>Q2S</qstat_str>
		<qstat_option>-q2s</qstat_option>
		<qstat_master_option>-q2m</qstat_master_option>
		<icon>q2.xpm</icon>
		<parse_player>q2_parse_player</parse_player>
		<analyze_serverinfo>q2_analyze_serverinfo</analyze_serverinfo>
		<config_is_valid>quake_config_is_valid</config_is_valid>
		<write_config>write_q2_vars</write_config>
		<exec_client>q2_exec</exec_client>
		<custom_cfgs>quake_custom_cfgs</custom_cfgs>
		<init_maps>quake_init_maps</init_maps>
		<has_map>quake_has_map</has_map>
		<arch_identifier>version</arch_identifier>
		<identify_cpu>identify_cpu</identify_cpu>
		<identify_os>identify_os</identify_os>
		<command>quake2</command>
		<cmd_or_dir_changed>q2_cmd_or_dir_changed</cmd_or_dir_changed>
		<prefs_load>q2_prefs_load</prefs_load>
		<update_prefs>q2_update_prefs</update_prefs>
		<main_mod>baseq2</main_mod>
	</game>
	<game>
		<type>Q3_SERVER</type>
		<flags>GAME_CONNECT | GAME_PASSWORD | GAME_RCON | GAME_MASTER_QUAKE3</flags>
		<color_flags>COLOR_QUAKE3_ANY</color_flags>
		<name>Quake III Arena</name>
		<default_port>27960</default_port>
		<default_master_port>27950</default_master_port>
		<id>Q3S</id>
		<qstat_str>Q3S</qstat_str>
		<qstat_option>-q3s</qstat_option>
		<qstat_master_option>-q3m</qstat_master_option>
		<icon>q3.xpm</icon>
		<parse_player>q3_parse_player</parse_player>
		<analyze_serverinfo>q3_analyze_serverinfo</analyze_serverinfo>
		<config_is_valid>config_is_valid_generic</config_is_valid>
		<exec_client>q3_exec</exec_client>
		<custom_cfgs>quake_custom_cfgs</custom_cfgs>
		<init_maps>q3_init_maps</init_maps>
		<has_map>quake_has_map</has_map>
		<get_mapshot>q3_get_mapshot</get_mapshot>
		<arch_identifier>version</arch_identifier>
		<identify_cpu>identify_cpu</identify_cpu>
		<identify_os>identify_os</identify_os>
		<command>quake3</command>
		<command>q3</command>
		<command>ioquake3</command>
		<default_home>~/.q3a</default_home>
		<prefs_load>q3_prefs_load</prefs_load>
		<update_prefs>q3_update_prefs</update_prefs>
		<main_mod>demoq3</main_mod>
		<main_mod>baseq3</main_mod>
	</game>
	<game>
		<base>Q3_SERVER</base>
		<type>Q4_SERVER</type>
		<flags>GAME_CONNECT | GAME_PASSWORD | GAME_RCON | GAME_MASTER_QUAKE3</flags>
		<color_flags>COLOR_DOOM3 | COLOR_QUAKE3_ANY | COLOR_QUAKE4</color_flags>
		<name>Quake 4</name>
		<default_port>28004</default_port>
		<default_master_port>27650</default_master_port>
		<id>Q4S</id>
		<qstat_str>Q4S</qstat_str>
		<qstat_option>-q4s</qstat_option>
		<qstat_master_option>-q4m</qstat_master_option>
		<icon>q4.xpm</icon>
		<analyze_serverinfo>doom3_analyze_serverinfo</analyze_serverinfo>
		<config_is_valid>config_is_valid_generic</config_is_valid>
		<init_maps>quake4_init_maps</init_maps>
		<has_map>quake4_has_map</has_map>
		<get_mapshot>quake4_get_mapshot</get_mapshot>
		<arch_identifier>si_version</arch_identifier>
		<command>quake4</command>
		<cmd_or_dir_changed>doom3_cmd_or_dir_changed</cmd_or_dir_changed>
		<prefs_load>q3_prefs_load_common</prefs_load>
		<update_prefs>quake4_update_prefs</update_prefs>
		<default_home>~/.quake4</default_home>
		<main_mod>q4base</main_mod>
		<attributes>+net_clientRemoteConsolePassword</attributes>
		<attributes>+rconpassword</attributes>
	</game>
	<game>
		<base>Q2_SERVER</base>
		<type>QUETOO_SERVER</type>
		<name>Quetoo</name>
		<id>QUETOOS</id>
		<default_port>1998</default_port>
		<default_master_port>1996</default_master_port>
		<qstat_str>QUETOOS</qstat_str>
		<qstat_option>-quetoos</qstat_option>
		<qstat_master_option>-quetoom</qstat_master_option>
		<icon>quetoo.xpm</icon>
		<command>quetoo</command>
		<default_home>~/.quetoo</default_home>
		<main_mod>default</main_mod>
	</game>
	<game>
		<base>Q3_SERVER</base>
		<type>REACTION_SERVER</type>
		<flags>GAME_CONNECT | GAME_PASSWORD | GAME_RCON | GAME_MASTER_QUAKE3</flags>
		<color_flags>COLOR_QUAKE3_NUMERIC | COLOR_QUAKE3_ALPHA</color_flags>
		<name>Reaction</name>
		<id>REACTIONS</id>
		<qstat_str>REACTIONS</qstat_str>
		<qstat_option>-reactions</qstat_option>
		<qstat_master_option>-reactionm</qstat_master_option>
		<icon>reaction.xpm</icon>
		<config_is_valid>config_is_valid_generic</config_is_valid>
		<command>Reaction</command>
		<default_home>~/.Reaction</default_home>
		<prefs_load>q3_prefs_load_common</prefs_load>
		<update_prefs>q3_update_prefs</update_prefs>
		<main_mod>rq3</main_mod>
	</game>
	<game>
		<base>Q3_SERVER</base>
		<type>WO_SERVER</type>
		<name>Return to Castle Wolfenstein</name>
		<id>WOS</id>
		<qstat_str>RWS</qstat_str>
		<qstat_option>-rws</qstat_option>
		<qstat_master_option>-rwm</qstat_master_option>
		<icon>wo.xpm</icon>
		<config_is_valid>config_is_valid_generic</config_is_valid>
		<command>wolf</command>
		<default_home>~/.wolf</default_home>
		<prefs_load>q3_prefs_load_common</prefs_load>
		<update_prefs>q3_update_prefs_common</update_prefs>
		<main_mod>demomain</main_mod>
		<main_mod>main</main_mod>
		<main_mod>wolfmp</main_mod>
	</game>
	<game>
		<base>UN_SERVER</base>
		<type>RUNE_SERVER</type>
		<name>Rune</name>
		<id>RUNESRV</id>
		<icon>rune.xpm</icon>
		<command>rune</command>
		<private_suffix>.run</private_suffix>
	</game>
	<game>
		<type>SAS_SERVER</type>
		<name>Savage</name>
		<flags>GAME_CONNECT | GAME_PASSWORD | GAME_ADMIN</flags>
		<color_flags>COLOR_SAVAGE</color_flags>
		<default_port>11235</default_port>
		<id>SAS</id>
		<qstat_str>SAS</qstat_str>
		<qstat_option>-sas</qstat_option>
		<icon>savage.xpm</icon>
		<parse_player>savage_parse_player</parse_player>
		<analyze_serverinfo>savage_analyze_serverinfo</analyze_serverinfo>
		<exec_client>savage_exec</exec_client>
		<command>savage</command>
	</game>
	<game>
		<type>SSAM_SERVER</type>
		<name>Serious Sam</name>
		<flags>GAME_CONNECT</flags>
		<default_port>25600</default_port>
		<id>SMS</id>
		<qstat_str>SMS</qstat_str>
		<qstat_option>-sms</qstat_option>
		<icon>ssam.xpm</icon>
		<parse_player>un_parse_player</parse_player>
		<analyze_serverinfo>un_analyze_serverinfo</analyze_serverinfo>
		<exec_client>ssam_exec</exec_client>
		<command>ssamtfe</command>
	</game>
	<game>
		<base>SSAM_SERVER</base>
		<type>SSAMSE_SERVER</type>
		<name>Serious Sam TSE</name>
		<id>SMSSE</id>
		<command>ssamtse</command>
	</game>
	<game>
		<type>SN_SERVER</type>
		<name>Sin</name>
		<flags>GAME_CONNECT | GAME_RCON</flags>
		<default_port>22450</default_port>
		<id>SNS</id>
		<qstat_str>SNS</qstat_str>
		<qstat_option>-sns</qstat_option>
		<icon>sn.xpm</icon>
		<parse_player>q2_parse_player</parse_player>
		<analyze_serverinfo>q2_analyze_serverinfo</analyze_serverinfo>
		<exec_client>q2_exec_generic</exec_client>
	</game>
	<game>
		<base>Q3_SERVER</base>
		<type>SMOKINGUNS_SERVER</type>
		<flags>GAME_CONNECT | GAME_PASSWORD | GAME_RCON | GAME_MASTER_QUAKE3</flags>
		<color_flags>COLOR_QUAKE3_NUMERIC | COLOR_QUAKE3_ALPHA</color_flags>
		<name>Smokin' Guns</name>
		<id>SMOKINGUNSS</id>
		<qstat_str>SMOKINGUNSS</qstat_str>
		<qstat_option>-smokingunss</qstat_option>
		<qstat_master_option>-smokingunsm</qstat_master_option>
		<icon>smokinguns.xpm</icon>
		<config_is_valid>config_is_valid_generic</config_is_valid>
		<command>smokinguns</command>
		<default_home>~/.smokinguns</default_home>
		<prefs_load>q3_prefs_load_common</prefs_load>
		<update_prefs>q3_update_prefs</update_prefs>
		<main_mod>smokinguns</main_mod>
	</game>
	<game>
		<type>SFS_SERVER</type>
		<name>Soldier of Fortune</name>
		<flags>GAME_CONNECT | GAME_RCON</flags>
		<default_port>28910</default_port>
		<id>SFS</id>
		<qstat_str>SFS</qstat_str>
		<qstat_option>-sfs</qstat_option>
		<icon>sfs.xpm</icon>
		<parse_player>q2_parse_player</parse_player>
		<analyze_serverinfo>q2_analyze_serverinfo</analyze_serverinfo>
		<exec_client>q2_exec_generic</exec_client>
		<command>sof</command>
	</game>
	<game>
		<base>Q3_SERVER</base>
		<type>SOF2S_SERVER</type>
		<name>Soldier of Fortune 2</name>
		<default_port>20100</default_port>
		<default_master_port>20110</default_master_port>
		<id>SOF2S</id>
		<qstat_str>SOF2S</qstat_str>
		<qstat_option>-sof2s</qstat_option>
		<qstat_master_option>-sof2m</qstat_master_option>
		<icon>sof2s.xpm</icon>
		<config_is_valid>config_is_valid_generic</config_is_valid>
		<init_maps>NULL</init_maps>
		<has_map>NULL</has_map>
		<get_mapshot>NULL</get_mapshot>
		<main_mod>main</main_mod>
		<prefs_load>q3_prefs_load_common</prefs_load>
		<update_prefs>q3_update_prefs_common</update_prefs>
	</game>
	<game>
		<type>TEEWORLDS_SERVER</type>
		<flags>GAME_CONNECT | GAME_PASSWORD | GAME_RCON</flags>
		<name>Teeworlds</name>
		<default_port>8303</default_port>
		<default_master_port>8300</default_master_port>
		<id>TEES</id>
		<qstat_str>TEES</qstat_str>
		<qstat_option>-tees</qstat_option>
		<qstat_master_option>-teem</qstat_master_option>
		<icon>teeworlds.xpm</icon>
		<exec_client>teeworlds_exec</exec_client>
		<command>teeworlds</command>
		<default_home>~/.teeworlds</default_home>
	</game>
	<game>
		<base>Q3_SERVER</base>
		<type>TREMFUSION_SERVER</type>
		<flags>GAME_CONNECT | GAME_PASSWORD | GAME_RCON | GAME_MASTER_QUAKE3</flags>
		<color_flags>COLOR_QUAKE3_NUMERIC | COLOR_QUAKE3_ALPHA</color_flags>
		<name>TremFusion</name>
		<default_port>30720</default_port>
		<default_master_port>30710</default_master_port>
		<id>TREMFUSIONS</id>
		<qstat_str>TREMULOUSS</qstat_str>
		<qstat_option>-tremulouss</qstat_option>
		<qstat_master_option>-tremulousm</qstat_master_option>
		<icon>tremfusion.xpm</icon>
		<config_is_valid>config_is_valid_generic</config_is_valid>
		<command>tremfusion</command>
		<default_home>~/.tremulous</default_home>
		<prefs_load>q3_prefs_load_common</prefs_load>
		<update_prefs>q3_update_prefs</update_prefs>
		<main_mod>base</main_mod>
	</game>
	<game>
		<base>Q3_SERVER</base>
		<type>TREMULOUS_SERVER</type>
		<flags>GAME_CONNECT | GAME_PASSWORD | GAME_RCON | GAME_MASTER_QUAKE3</flags>
		<color_flags>COLOR_QUAKE3_NUMERIC | COLOR_QUAKE3_ALPHA</color_flags>
		<name>Tremulous</name>
		<default_port>30720</default_port>
		<default_master_port>30710</default_master_port>
		<id>TREMULOUSS</id>
		<qstat_str>TREMULOUSS</qstat_str>
		<qstat_option>-tremulouss</qstat_option>
		<qstat_master_option>-tremulousm</qstat_master_option>
		<icon>tremulous.xpm</icon>
		<config_is_valid>config_is_valid_generic</config_is_valid>
		<command>tremulous</command>
		<default_home>~/.tremulous</default_home>
		<cmd_or_dir_changed>tremulous_cmd_or_dir_changed</cmd_or_dir_changed>
		<prefs_load>q3_prefs_load_common</prefs_load>
		<update_prefs>q3_update_prefs</update_prefs>
		<main_mod>base</main_mod>
	</game>
	<game>
		<base>Q3_SERVER</base>
		<type>TREMULOUSGPP_SERVER</type>
		<flags>GAME_CONNECT | GAME_PASSWORD | GAME_RCON | GAME_MASTER_QUAKE3</flags>
		<color_flags>COLOR_QUAKE3_NUMERIC | COLOR_QUAKE3_ALPHA</color_flags>
		<name>Tremulous GPP</name>
		<default_port>30720</default_port>
		<default_master_port>30700</default_master_port>
		<id>TREMULOUSGPPS</id>
		<qstat_str>TREMULOUSGPPS</qstat_str>
		<qstat_option>-tremulousgpps</qstat_option>
		<qstat_master_option>-tremulousgppm</qstat_master_option>
		<icon>tremulousgpp.xpm</icon>
		<config_is_valid>config_is_valid_generic</config_is_valid>
		<command>tremulous-gpp</command>
		<default_home>~/.tremulous</default_home>
		<prefs_load>q3_prefs_load_common</prefs_load>
		<update_prefs>q3_update_prefs</update_prefs>
		<main_mod>base</main_mod>
	</game>
	<game>
		<type>T2_SERVER</type>
		<name>Tribes 2</name>
		<flags>GAME_CONNECT | GAME_RCON</flags>
		<default_port>28000</default_port>
		<default_master_port>28000</default_master_port>
		<id>T2S</id>
		<qstat_str>T2S</qstat_str>
		<qstat_option>-t2s</qstat_option>
		<qstat_master_option>-t2m</qstat_master_option>
		<icon>t2.xpm</icon>
		<parse_player>t2_parse_player</parse_player>
		<analyze_serverinfo>t2_analyze_serverinfo</analyze_serverinfo>
		<exec_client>t2_exec</exec_client>
		<arch_identifier>linux</arch_identifier>
		<identify_os>t2_identify_os</identify_os>
		<command>tribes2</command>
		<prefs_load>tribes2_prefs_load</prefs_load>
		<update_prefs>tribes2_update_prefs</update_prefs>
	</game>
	<game>
		<base>Q3_SERVER</base>
		<type>TURTLEARENA_SERVER</type>
		<flags>GAME_CONNECT | GAME_PASSWORD | GAME_RCON | GAME_MASTER_QUAKE3</flags>
		<color_flags>COLOR_QUAKE3_NUMERIC</color_flags>
		<name>Turtle Arena</name>
		<default_port>27960</default_port>
		<id>TURTLEARENAS</id>
		<qstat_str>TURTLEARENAS</qstat_str>
		<qstat_option>-turtlearenas</qstat_option>
		<qstat_master_option>-turtlearenam</qstat_master_option>
		<icon>turtlearena.xpm</icon>
		<config_is_valid>config_is_valid_generic</config_is_valid>
		<command>turtlearena</command>
		<default_home>~/.local/share/turtle-arena</default_home>
		<prefs_load>q3_prefs_load_common</prefs_load>
		<update_prefs>q3_update_prefs</update_prefs>
		<main_mod>baseturtle</main_mod>
	</game>
	<game>
		<type>UN_SERVER</type>
		<name>Unreal / Unreal Tournament</name>
		<flags>GAME_CONNECT | GAME_PASSWORD</flags>
		<default_port>7777</default_port>
		<id>UNS</id>
		<qstat_str>UNS</qstat_str>
		<qstat_option>-uns</qstat_option>
		<icon>un.xpm</icon>
		<parse_player>un_parse_player</parse_player>
		<analyze_serverinfo>un_analyze_serverinfo</analyze_serverinfo>
		<exec_client>ut_exec</exec_client>
		<init_maps>unreal_init_maps</init_maps>
		<has_map>unreal_has_map</has_map>
		<command>ut</command>
		<private_suffix>.unr</private_suffix>
	</game>
	<game>
		<base>UN_SERVER</base>
		<type>UT2_SERVER</type>
		<name>Unreal Tournament 2003</name>
		<flags>GAME_CONNECT | GAME_SPECTATE | GAME_PASSWORD | GAME_LAUNCH_HOSTPORT</flags>
		<id>UT2S</id>
		<qstat_str>UT2S</qstat_str>
		<qstat_option>-ut2s</qstat_option>
		<icon>ut2.xpm</icon>
		<command>ut2003_demo</command>
		<command>ut2003</command>
		<default_home>~/.ut2003</default_home>
		<private_suffix>.ut2</private_suffix>
	</game>
	<game>
		<base>UN_SERVER</base>
		<type>UT2004_SERVER</type>
		<name>Unreal Tournament 2004</name>
		<flags>GAME_CONNECT | GAME_SPECTATE | GAME_PASSWORD | GAME_LAUNCH_HOSTPORT | GAME_MASTER_CDKEY</flags>
		<default_master_port>28902</default_master_port>
		<id>UT2004S</id>
		<qstat_str>UT2004S</qstat_str>
		<qstat_option>-ut2004s</qstat_option>
		<qstat_master_option>-ut2004m</qstat_master_option>
		<icon>ut2004.xpm</icon>
		<command>ut2004demo</command>
		<command>ut2004</command>
		<cmd_or_dir_changed>ut2004_cmd_or_dir_changed</cmd_or_dir_changed>
		<update_prefs>ut2004_update_prefs</update_prefs>
		<default_home>~/.ut2004</default_home>
		<private_suffix>.ut2</private_suffix>
	</game>
	<game>
		<base>Q3_SERVER</base>
		<type>UNVANQUISHED_SERVER</type>
		<flags>GAME_CONNECT | GAME_PASSWORD | GAME_RCON | GAME_MASTER_QUAKE3</flags>
		<color_flags>COLOR_QUAKE3_NUMERIC | COLOR_WOLFET | COLOR_XONOTIC</color_flags>
		<name>Unvanquished</name>
		<default_port>27960</default_port>
		<default_master_port>27950</default_master_port>
		<id>UNVANQUISHEDS</id>
		<qstat_str>UNVANQUISHEDS</qstat_str>
		<qstat_option>-unvanquisheds</qstat_option>
		<qstat_master_option>-unvanquishedm</qstat_master_option>
		<icon>unvanquished.xpm</icon>
		<config_is_valid>config_is_valid_generic</config_is_valid>
		<init_maps>unvanquished_init_maps</init_maps>
		<command>unvanquished</command>
		<default_home>~/.unvanquished</default_home>
		<prefs_load>q3_prefs_load_common</prefs_load>
		<update_prefs>q3_update_prefs</update_prefs>
		<main_mod>pkg</main_mod>
	</game>
	<game>
		<base>Q3_SERVER</base>
		<type>IOURT_SERVER</type>
		<name>Urban Terror</name>
		<default_port>27960</default_port>
		<default_master_port>27900</default_master_port>
		<id>IOURTS</id>
		<qstat_str>IOURTS</qstat_str>
		<qstat_option>-iourts</qstat_option>
		<qstat_master_option>-iourtm</qstat_master_option>
		<icon>iourt.xpm</icon>
		<config_is_valid>config_is_valid_generic</config_is_valid>
		<command>urbanterror</command>
		<command>Quake3-UrT</command>
		<command>Urban Terror</command>
		<default_home>~/.q3a</default_home>
		<prefs_load>q3_prefs_load_common</prefs_load>
		<update_prefs>q3_update_prefs</update_prefs>
		<main_mod>q3ut4</main_mod>
	</game>
	<game>
		<base>Q3_SERVER</base>
		<type>EF_SERVER</type>
		<name>Voyager Elite Force</name>
		<id>EFS</id>
		<qstat_master_option>-efm</qstat_master_option>
		<icon>ef.xpm</icon>
		<config_is_valid>config_is_valid_generic</config_is_valid>
		<init_maps>NULL</init_maps>
		<has_map>NULL</has_map>
		<get_mapshot>NULL</get_mapshot>
		<prefs_load>q3_prefs_load_common</prefs_load>
		<update_prefs>q3_update_prefs_common</update_prefs>
		<main_mod>BaseEF</main_mod>
	</game>
	<game>
		<base>Q3_SERVER</base>
		<type>WARSOW_SERVER</type>
		<name>Warsow</name>
		<default_port>44400</default_port>
		<id>WARSOWS</id>
		<qstat_str>WARSOWS</qstat_str>
		<qstat_option>-warsows</qstat_option>
		<qstat_master_option>-warsowm</qstat_master_option>
		<icon>warsow.xpm</icon>
		<config_is_valid>config_is_valid_generic</config_is_valid>
		<init_maps>q3_init_maps</init_maps>
		<has_map>quake_has_map</has_map>
		<get_mapshot>q3_get_mapshot</get_mapshot>
		<command>warsow</command>
		<default_home>~/.warsow</default_home>
		<prefs_load>q3_prefs_load_common</prefs_load>
		<update_prefs>q3_update_prefs_common</update_prefs>
		<main_mod>basewsw</main_mod>
	</game>
	<game>
		<base>Q3_SERVER</base>
		<type>WOET_SERVER</type>
		<name>Wolfenstein: Enemy Territory</name>
		<id>WOETS</id>
		<qstat_str>WOETS</qstat_str>
		<qstat_option>-woets</qstat_option>
		<qstat_master_option>-woetm</qstat_master_option>
		<icon>et.xpm</icon>
		<config_is_valid>config_is_valid_generic</config_is_valid>
		<command>et</command>
		<default_home>~/.etwolf</default_home>
		<prefs_load>q3_prefs_load_common</prefs_load>
		<update_prefs>q3_update_prefs_common</update_prefs>
		<main_mod>etmain</main_mod>
	</game>
	<game>
		<base>Q3_SERVER</base>
		<type>WOP_SERVER</type>
		<flags>GAME_CONNECT | GAME_PASSWORD | GAME_RCON | GAME_MASTER_QUAKE3</flags>
		<color_flags>COLOR_QUAKE3_NUMERIC | COLOR_QUAKE3_ALPHA</color_flags>
		<name>World of Padman</name>
		<id>WOPS</id>
		<qstat_str>WOPS</qstat_str>
		<qstat_option>-wops</qstat_option>
		<qstat_master_option>-wopm</qstat_master_option>
		<icon>wop.xpm</icon>
		<config_is_valid>config_is_valid_generic</config_is_valid>
		<command>worldofpadman</command>
		<default_home>~/.WoPadman</default_home>
		<prefs_load>q3_prefs_load_common</prefs_load>
		<update_prefs>q3_update_prefs</update_prefs>
		<main_mod>wop</main_mod>
	</game>
	<game>
		<base>Q3_SERVER</base>
		<type>XONOTIC_SERVER</type>
		<flags>GAME_CONNECT | GAME_PASSWORD | GAME_RCON | GAME_MASTER_QUAKE3</flags>
		<color_flags>COLOR_QUAKE3_NUMERIC | COLOR_XONOTIC</color_flags>
		<name>Xonotic</name>
		<default_port>26000</default_port>
		<id>XONOTICS</id>
		<qstat_str>XONOTICS</qstat_str>
		<qstat_option>-xonotics</qstat_option>
		<qstat_master_option>-xonoticm</qstat_master_option>
		<icon>xonotic.xpm</icon>
		<config_is_valid>config_is_valid_generic</config_is_valid>
		<init_maps>xonotic_init_maps</init_maps>
		<command>xonotic</command>
		<default_home>~/.xonotic</default_home>
		<prefs_load>q3_prefs_load_common</prefs_load>
		<update_prefs>q3_update_prefs_common</update_prefs>
		<main_mod>data</main_mod>
	</game>
	<game>
		<base>Q3_SERVER</base>
		<type>ZEQ2LITE_SERVER</type>
		<flags>GAME_CONNECT | GAME_PASSWORD | GAME_RCON | GAME_MASTER_QUAKE3</flags>
		<color_flags>COLOR_QUAKE3_NUMERIC | COLOR_QUAKE3_ALPHA</color_flags>
		<name>ZEQ2 Lite</name>
		<id>ZEQ2LITES</id>
		<qstat_str>ZEQ2LITES</qstat_str>
		<qstat_option>-zeq2lites</qstat_option>
		<qstat_master_option>-zeq2litem</qstat_master_option>
		<icon>zeq2lite.xpm</icon>
		<config_is_valid>config_is_valid_generic</config_is_valid>
		<command>ZEQ2.i386</command>
		<default_home>~/.ZEQ2</default_home>
		<prefs_load>q3_prefs_load_common</prefs_load>
		<update_prefs>q3_update_prefs</update_prefs>
		<main_mod>ZEQ2</main_mod>
	</game>
	<game>
		<type>GPS_SERVER</type>
		<name>Generic Gamespy</name>
		<flags>GAME_CONNECT</flags>
		<default_port>27888</default_port>
		<id>GPS</id>
		<qstat_str>GPS</qstat_str>
		<qstat_option>-gps</qstat_option>
		<icon>gamespy3d.xpm</icon>
		<parse_player>un_parse_player</parse_player>
		<analyze_serverinfo>un_analyze_serverinfo</analyze_serverinfo>
		<exec_client>gamespy_exec</exec_client>
	</game>
	<game>
		<type>UNKNOWN_SERVER</type>
		<name>unknown</name>
	</game>
</games>
